<?xml version='1.0' encoding='utf-8' standalone='yes' ?>
<map>
    <long name="first_open_time" value="1754155859935" />
    <string name="gmp_app_id">1:129269791292:android:8c0632a849695fd3196139</string>
    <string name="app_instance_id">c9673ba0e6a3ea3c3567ab0769bb0662</string>
    <long name="session_id" value="1754155860" />
    <boolean name="app_backgrounded" value="true" />
    <long name="health_monitor:start" value="1754155860369" />
    <boolean name="use_service" value="true" />
    <boolean name="deferred_analytics_collection" value="false" />
    <string name="previous_os_version">15</string>
    <boolean name="has_been_opened" value="true" />
    <boolean name="allow_remote_dynamite" value="true" />
    <long name="last_pause_time" value="1754155899520" />
    <boolean name="start_new_session" value="false" />
</map>
