<?xml version='1.0' encoding='utf-8' standalone='yes' ?>
<map>
    <set name="fire-cls/19.0.3 fire-installations/18.0.0 device-model/duchamp android-min-sdk/24 kotlin/2.0.0 fire-fcm-ktx/24.0.1 fire-android/35 device-name/duchamp_in fire-core/21.0.0 fire-core-ktx/21.0.0 fire-analytics/22.1.0 fire-analytics-ktx/22.1.0 android-installer/com.google.android.packageinstaller device-brand/POCO android-platform/ fire-fcm/24.0.1 fire-sessions/2.0.3 android-target-sdk/35 fire-transport/19.0.0">
        <string>2025-08-02</string>
    </set>
    <long name="fire-count" value="1" />
    <string name="last-used-date">2025-08-02</string>
    <long name="fire-global" value="1754155859971" />
</map>
