<?xml version='1.0' encoding='utf-8' standalone='yes' ?>
<map>
    <string name="companion_id"></string>
    <string name="zee5"></string>
    <boolean name="is_active" value="true" />
    <int name="operator_id" value="1494" />
    <string name="epic"></string>
    <boolean name="is_creator" value="false" />
    <boolean name="is_verified" value="true" />
    <string name="is_free_trail">2025-08-02</string>
    <boolean name="check_ott_status" value="true" />
    <string name="sonyliv"></string>
    <boolean name="bg_startup_tracing" value="false" />
    <string name="is_last_promo">2025-08-02</string>
    <string name="phone">7079606086</string>
    <boolean name="is_token_send" value="true" />
    <int name="distributor_id" value="1493" />
    <string name="name">terriblecrimson</string>
    <string name="shemaroo">share_url=true&amp;source=nttpl&amp;user_id=917079606086</string>
    <boolean name="is_chat" value="false" />
    <string name="is_expiry">Sun Aug 03 09:01:27 GMT+05:30 2025</string>
    <string name="unique_serial">c3eln81ZQ7ypTMTXgy2CBH:APA91bGXsiFLZjYqJJo51j4GUGLy7LG87YVvE-kTlsKS23oXBPQiwf8QVmmcHimuut1d4LBrIxHofw13MFYAFcrK25HMc2K-YgKGHCGDhGL3-d6oSMD2F1I</string>
    <string name="customer_id">2025155878484</string>
    <boolean name="is_promo" value="true" />
</map>
