<?xml version='1.0' encoding='utf-8' standalone='yes' ?>
<map>
    <string name="afUninstallToken">fW9AdouWS5mBG2LPWMgD-4:APA91bGA9qK0mP5TJnGil2VGB3lGGn8_3iZKey26tKdm3zpnbbgrxkAJkoaSgEj50wLIzuxasRn8GT6SUpHZecryQ2LxbYPdmPq6-FWJzG1UjXqTt0YBVfY</string>
    <long name="prev_session_dur" value="2" />
    <long name="af_rc_max_age" value="86400" />
    <boolean name="ddl_sent" value="true" />
    <string name="sentSuccessfully">true</string>
    <string name="af_remote_config">eyJmZWF0dXJlcyI6e30sInZlciI6ImRlZmF1bHQudjEuMTYzNzE0OTUyOSJ9</string>
    <int name="versionCode" value="240011271" />
    <boolean name="sentRegisterRequestToAF" value="true" />
    <string name="savedProperties">{&quot;uid&quot;:&quot;1754288339332-1111693263258961029&quot;,&quot;waitForCustomerId&quot;:&quot;false&quot;,&quot;AppUserId&quot;:&quot;24693938&quot;}</string>
    <string name="AF_INSTALLATION">1754288339332-1111693263258961029</string>
    <boolean name="afUninstallToken_queued" value="false" />
    <int name="appsFlyerCount" value="7" />
    <long name="af_rc_timestamp" value="1754288339565" />
    <long name="AppsFlyerTimePassedSincePrevLaunch" value="1754319978727" />
    <boolean name="newGPReferrerSent" value="true" />
    <string name="first_launch">{&quot;net&quot;:1173,&quot;from_fg&quot;:802,&quot;start_with&quot;:&quot;activity&quot;,&quot;init_to_fg&quot;:1241}</string>
    <string name="appsFlyerFirstInstall"></string>
    <long name="afUninstallToken_received_time" value="1754319980764" />
    <string name="attributionId">{&quot;install_time&quot;:&quot;2025-08-04 06:19:03.181&quot;,&quot;af_message&quot;:&quot;organic install&quot;,&quot;af_status&quot;:&quot;Organic&quot;,&quot;is_first_launch&quot;:false}</string>
</map>
