<?xml version='1.0' encoding='utf-8' standalone='yes' ?>
<map>
    <long name="com.facebook.appevents.SessionInfo.sessionStartTime" value="1754319946539" />
    <long name="com.facebook.appevents.SessionInfo.sessionEndTime" value="1754319981031" />
    <boolean name="bg_startup_tracing" value="false" />
    <int name="com.encdata.Teamxpros.classes.originalInstallVersionCode" value="240011251" />
    <string name="com.facebook.appevents.UserDataStore.internalUserData">{&quot;r2&quot;:&quot;15b6f20a3df8ccbde9af657c62538f05f2efd7d3c06d948d7a9d424f6458e9b3&quot;}</string>
    <int name="com.facebook.appevents.SessionInfo.interruptionCount" value="3" />
    <long name="com.encdata.Teamxpros.classes.cloneTimestamp" value="1742657982366" />
    <string name="com.facebook.appevents.SessionInfo.sessionId">c7258307-ed99-4b3b-9149-1921aac34c4e</string>
</map>
