<?xml version='1.0' encoding='utf-8' standalone='yes' ?>
<map>
    <string name="last-used-date">2025-08-04</string>
    <long name="fire-count" value="1" />
    <long name="fire-global" value="1754319971610" />
    <set name="fire-installations/18.0.0 fire-cls/19.1.0 device-model/duchamp fire-rc/22.0.0 kotlin/2.0.0 fire-dl/22.1.0 fire-abt/21.1.1 device-name/duchamp_in fire-core/21.0.0 fire-core-ktx/21.0.0 android-installer/com.google.android.packageinstaller device-brand/POCO fire-sessions/2.0.4 android-platform/ fire-transport/19.0.0 fire-dl-ktx/22.1.0 android-target-sdk/31 android-min-sdk/24 fire-auth/23.0.0 fire-android/35 fire-perf/21.0.1 fire-analytics/22.1.0 fire-analytics-ktx/22.1.0 fire-cfg-ktx/22.0.0 fire-fcm/24.0.1">
        <string>2025-08-04</string>
    </set>
</map>
