<?xml version='1.0' encoding='utf-8' standalone='yes' ?>
<map>
    <string name="prev_event_name">upi_apps_available</string>
    <long name="prev_event_timestamp" value="1754275210474" />
    <int name="appsFlyerInAppEventCount" value="6" />
    <long name="prev_session_dur" value="3" />
    <boolean name="ddl_sent" value="true" />
    <long name="af_rc_max_age" value="86400" />
    <string name="sentSuccessfully">true</string>
    <int name="versionCode" value="50106" />
    <string name="af_remote_config">eyJmZWF0dXJlcyI6e30sInZlciI6ImRlZmF1bHQudjEuMTYzNzE0OTUyOSJ9</string>
    <string name="savedProperties">{&quot;uid&quot;:&quot;1754275141950-4771135273629064761&quot;,&quot;waitForCustomerId&quot;:&quot;false&quot;,&quot;logLevel&quot;:&quot;0&quot;,&quot;AppUserId&quot;:&quot;218266947&quot;}</string>
    <string name="AF_INSTALLATION">1754275141950-4771135273629064761</string>
    <boolean name="afUninstallToken_queued" value="false" />
    <int name="appsFlyerCount" value="4" />
    <long name="AppsFlyerTimePassedSincePrevLaunch" value="1754275210716" />
    <boolean name="newGPReferrerSent" value="true" />
    <long name="af_rc_timestamp" value="1754275142413" />
    <string name="first_launch">{&quot;net&quot;:1162,&quot;from_fg&quot;:1206,&quot;start_with&quot;:&quot;application&quot;,&quot;init_to_fg&quot;:74}</string>
    <string name="appsFlyerFirstInstall"></string>
    <string name="attributionId">{&quot;install_time&quot;:&quot;2025-08-04 02:39:04.300&quot;,&quot;af_message&quot;:&quot;organic install&quot;,&quot;af_status&quot;:&quot;Organic&quot;,&quot;is_first_launch&quot;:false}</string>
</map>
