<?xml version='1.0' encoding='utf-8' standalone='yes' ?>
<map>
    <long name="fire-count" value="1" />
    <string name="last-used-date">2025-08-09</string>
    <long name="fire-global" value="1754713850504" />
    <set name="kotlin/2.0.21 fire-perf/20.4.0 fire-analytics/21.3.0 android-min-sdk/23 fire-fcm/23.2.0 fire-core-ktx/unspecified fire-sessions/1.0.0 fire-abt/21.1.1 fire-core/20.3.3 fire-android/35 android-installer/com.android.vending device-name/raphael device-model/raphael fire-installations/17.1.3 fire-rc/21.4.1 android-platform/ fire-auth/22.1.0 fire-dl/21.1.0 fire-transport/18.1.8 android-target-sdk/27 device-brand/Xiaomi fire-cls/18.4.0">
        <string>2025-08-04</string>
    </set>
</map>
