{"Fid":"cosJjrdlRoyrmCKYgygwE_","Status":3,"AuthToken":"eyJhbGciOiJFUzI1NiIsInR5cCI6IkpXVCJ9.eyJhcHBJZCI6IjE6NTI1MTQ4MTcxMDM4OmFuZHJvaWQ6MTUxOGVkYzAyOTBhMjBkMSIsImV4cCI6MTc1NTQ4ODI5OCwiZmlkIjoiY29zSmpyZGxSb3lybUNLWWd5Z3dFXyIsInByb2plY3ROdW1iZXIiOjUyNTE0ODE3MTAzOH0.AB2LPV8wRAIgP79rm1JTOKZPVqIHeNgRtu0wSmhpA3EMzBA0gnw2X1QCIHjl4N8YrgxuEHi-dPaROmQ8v4BZzh9ijRpIQmqOfUg4","RefreshToken":"3_AS3qfwLzMvoMIELm0APSVmtQ4d6P0lfum5lqgnDMzRBqLXo35gMeaq8gNxR9K7sNJkkWUU3fAeG45MrdIBFrRmsnB5t-TqgOYAY_U0rK6k__NIs","TokenCreationEpochInSecs":1754883500,"ExpiresInSecs":604800}