{"Fid":"c3eln81ZQ7ypTMTXgy2CBH","Status":3,"AuthToken":"eyJhbGciOiJFUzI1NiIsInR5cCI6IkpXVCJ9.eyJhcHBJZCI6IjE6MTI5MjY5NzkxMjkyOmFuZHJvaWQ6OGMwNjMyYTg0OTY5NWZkMzE5NjEzOSIsImV4cCI6MTc1NDc2MDY2MSwiZmlkIjoiYzNlbG44MVpRN3lwVE1UWGd5MkNCSCIsInByb2plY3ROdW1iZXIiOjEyOTI2OTc5MTI5Mn0.AB2LPV8wRQIhAOvwz7bCQ_zuZ33LWnheV-386JvVxMtf5XY_98n5MWGKAiBh5eOMaKdvzME9NrYbX_Ii57UlttdRmmoI9_RpHPfFSQ","RefreshToken":"3_AS3qfwJrBxHSBmOtfQ_6giJvCeCgye57XMVzTd9Jzs6J0egdX2dAvG7h5tKwjO8J_BIChZmNDvgeUstcM9_go4Fd2sqMf7jSnE2OhYE52I8RatY","TokenCreationEpochInSecs":1754155861,"ExpiresInSecs":604800}