{"Fid":"cxzMeqTITNC1vmY36HQTCn","Status":3,"AuthToken":"eyJhbGciOiJFUzI1NiIsInR5cCI6IkpXVCJ9.eyJhcHBJZCI6IjE6ODUwMjIwMDM3MDgxOmFuZHJvaWQ6MmE1OGNhMjhkNmEzZDM0YiIsImV4cCI6MTc1NDg3OTk0MywiZmlkIjoiY3h6TWVxVElUTkMxdm1ZMzZIUVRDbiIsInByb2plY3ROdW1iZXIiOjg1MDIyMDAzNzA4MX0.AB2LPV8wRgIhAMX9yehBdku6kFHES60Iny3b0Yl38-Iy6Ekplhrx6j9MAiEAlGRRZSNrainSdkAIuYdh2QBNRudQz1JoSN9FUWLZ3Bg","RefreshToken":"3_AS3qfwL3Xjh81vilSpzP0zsk3S1hnR4KwEcIsIee0E6ZcW62_QwG0JvrgP0G_lgLQmW4IWVgIpWtK9V2_HdNZUQMYK0MFlsRe2UejGF_RxI9fA","TokenCreationEpochInSecs":1754275142,"ExpiresInSecs":604800}