{"Fid":"fW9AdouWS5mBG2LPWMgD-4","Status":3,"AuthToken":"eyJhbGciOiJFUzI1NiIsInR5cCI6IkpXVCJ9.eyJhcHBJZCI6IjE6NjM2ODEzODMyNjYyOmFuZHJvaWQ6NmVlMWZhZWNlZGIzYjFkYmZjNzQ3NyIsImV4cCI6MTc1NDkyNDc2MywiZmlkIjoiZlc5QWRvdVdTNW1CRzJMUFdNZ0QtNCIsInByb2plY3ROdW1iZXIiOjYzNjgxMzgzMjY2Mn0.AB2LPV8wRQIgLNqSi_kyYjBlmC-152jkN970ZS5G3aTDexewVT_WKbACIQDCve_Qo1fzyVUZajKTnEC4X8AnXT82EIv7DPmhD1wD7g","RefreshToken":"3_AS3qfwJeZAEVnmF8oeHwTYVdCOBqlmGHdgIWzv1LyNUtCrr5ZUfFcumklQXOVkAaCky8J4xu3Z-EMylJAY1vyrxTuPpj3XmBuXZCSgzEp_8akzE","TokenCreationEpochInSecs":1754319963,"ExpiresInSecs":604800}