{"Fid":"eKndKnYaSGCtqidQPHqDdu","Status":3,"AuthToken":"eyJhbGciOiJFUzI1NiIsInR5cCI6IkpXVCJ9.eyJhcHBJZCI6IjE6NjM2ODEzODMyNjYyOmFuZHJvaWQ6NmVlMWZhZWNlZGIzYjFkYmZjNzQ3NyIsImV4cCI6MTc1NDg5MzE0OCwiZmlkIjoiZUtuZEtuWWFTR0N0cWlkUVBIcURkdSIsInByb2plY3ROdW1iZXIiOjYzNjgxMzgzMjY2Mn0.AB2LPV8wRQIgOJFFcB8WNVIGpqcjfXPE_TfqSSvSnHqO0wpZFgZVhssCIQCvZcqVzDrRbmupTeJb1ygWPR5dqQpdFfSoHeI33DfyBQ","RefreshToken":"3_AS3qfwJawrdffkcp0Nx25LpoAk7xC1zK4n1vJxjrjXOhA-_zY7CQyQaLZIQOtThjHWzka6jJ8Q4HkCPhgxqA4lAxzNt3rG7hn8H_hMnA6URLkGM","TokenCreationEpochInSecs":1754288348,"ExpiresInSecs":604800}