{"Fid":"dUMCVj_ATb2md8zr52nrzy","Status":3,"AuthToken":"eyJhbGciOiJFUzI1NiIsInR5cCI6IkpXVCJ9.eyJhcHBJZCI6IjE6ODc2MzMzMzcxNTk2OmFuZHJvaWQ6OTJlMjQzNjFhNmE0YWIzY2Y4MzI2OSIsImV4cCI6MTc1NDkyNDc4MCwiZmlkIjoiZFVNQ1ZqX0FUYjJtZDh6cjUybnJ6eSIsInByb2plY3ROdW1iZXIiOjg3NjMzMzM3MTU5Nn0.AB2LPV8wRAIgcp6zxxOin9bZGM3YDH0y5Vn-gGa4JZ3EdaN3lWhNkMcCIEJgQGAVV5wB8zheernhUc4oaDXLD5_4qqnQagka6elm","RefreshToken":"3_AS3qfwIy8XFsRPG0ZCOnshebVcAHf_hvzCPuSqQP-r2S2KHsaCq2WFteN_uDCGlPaHoEP92DHwy-FYArWcCIpYmXEUq00AC_ZKDuZaCGB8TR9A","TokenCreationEpochInSecs":1754319979,"ExpiresInSecs":604800}