<?xml version='1.0' encoding='utf-8' standalone='yes' ?>
<map>
    <string name="huATrOvX9r5tjYK9GY8mfMKPETNAi/JJ9fe6z5dE8Dk">vtJISjkZ8+NwyIUBKv7nW08ENziexCqDm/KUr/77Tcw</string>
    <string name="Uaj4GNgMkWerQIdgEF5lHDL+c4jt2OoUU8DCcsQWPFM">eR06lQ48vx6Ino5+CJFvyGbibyj+Me580BFVAYVZyBw</string>
    <string name="BuEmuzPZBlz5jO+TAsqr749JIHPHtDgGTcCLK0Wfuzo">ATgRny+KIjP+IvQ/L466jfJX/N0HDt6XLoF/sppzezKhQGAno0boq8boaFS8piR4ZTBoy29oIgAl5V+EmEywehdpd6EKdjTd2PV1Rio+DW2CMh5rZaRz5jLG7B3BYWbYUAzgdzXivHu20OyzGS3O7nPKNDQZEhZSKBZxCyZwwiEeDBhnSSxolAXOsxmKZ7AU</string>
    <string name="zMmklXD/fV2xGRp2qvBskM+RozwRMXbXyqsooE02rCY">FDcuK66WIIV2He6aPJgNbbSqUUEQ1BpZ4Zk6ut7EXJL46IFa9Owcs+53LRhSHKAPHD/1tp1YPhg+XZl2q+WqebdUG2yShB23ajFAYH251bzaQ4C1MEAot96e6da3dt3VQgzNjHNtlO1T2kp244gGocDMSKcSuKFxwTzyyCdDCMFs3IyyF9Xt7U9lN1ZOqWPa</string>
</map>
