<?xml version='1.0' encoding='utf-8' standalone='yes' ?>
<map>
    <string name="prev_event_name">Page Viewed</string>
    <long name="prev_event_timestamp" value="1754883510712" />
    <int name="appsFlyerInAppEventCount" value="8" />
    <string name="prev_event_value">{&quot;appVersion&quot;:&quot;2.3.67&quot;,&quot;Device ID&quot;:&quot;c9aae2c6cd9195e5&quot;,&quot;phone&quot;:&quot;+918976428420&quot;,&quot;name&quot;:&quot;Nashim Kumar&quot;,&quot;Last Activity Name&quot;:&quot;&quot;,&quot;pageURL&quot;:&quot;\/content\/pages&quot;,&quot;lastActivity&quot;:&quot;&quot;,&quot;lastPageName&quot;:&quot;&quot;,&quot;UUID&quot;:&quot;ab961c70-d4ca-4bf7-a5fe-aa2ab59ee460&quot;,&quot;userId&quot;:&quot;ab961c70-d4ca-4bf7-a5fe-aa2ab59ee460&quot;,&quot;email&quot;:&quot;techieg890@gmail.com&quot;,&quot;platform&quot;:&quot;android&quot;}</string>
    <int name="versionCode" value="999999" />
    <string name="savedProperties">{&quot;uid&quot;:&quot;1750964569517-1105221167202805622&quot;,&quot;collectIMEI&quot;:&quot;false&quot;,&quot;collectIMEIForceByUser&quot;:&quot;false&quot;,&quot;collectAndroidIdForceByUser&quot;:&quot;false&quot;,&quot;KSAppsFlyerRICounter&quot;:&quot;0&quot;,&quot;collectAndroidId&quot;:&quot;false&quot;,&quot;afUninstallToken&quot;:&quot;cosJjrdlRoyrmCKYgygwE_:APA91bHo-JL1WLEmJuCgr_RulHukpzZDA1HnVgLvE3Y0fC3ovzRUgZOQKq5Mk0nAA41rZ_MEAtPyqwocg6GQOIT4TC-NeYjkruSV7LgN_EoMWpyp34geMWM&quot;,&quot;AppUserId&quot;:&quot;ab961c70-d4ca-4bf7-a5fe-aa2ab59ee460&quot;,&quot;AppsFlyerKey&quot;:&quot;5qcxTGtWfXSo746pkCDawf&quot;,&quot;advertiserId&quot;:&quot;31eddf35-1638-46e8-b259-6bbdf88bd97d&quot;,&quot;advertiserIdEnabled&quot;:&quot;true&quot;,&quot;KSAppsFlyerId&quot;:&quot;1750964569517-1105221167202805622&quot;}</string>
    <string name="androidIdCached">c9aae2c6cd9195e5</string>
    <string name="AF_INSTALLATION">1750964569517-1105221167202805622</string>
    <int name="appsFlyerCount" value="1" />
    <long name="AppsFlyerTimePassedSincePrevLaunch" value="1754883578692" />
    <boolean name="newGPReferrerSent" value="true" />
    <string name="appsFlyerFirstInstall">2025-06-26_190249+0000</string>
</map>
