<?xml version='1.0' encoding='utf-8' standalone='yes' ?>
<map>
    <long name="last_upload" value="1750964566786" />
    <long name="first_open_time" value="1750964566773" />
    <string name="gmp_app_id">1:525148171038:android:1518edc0290a20d1</string>
    <string name="app_instance_id">286aa6cce46912867d7d50fa58eea288</string>
    <boolean name="app_backgrounded" value="true" />
    <long name="health_monitor:start" value="1754883510419" />
    <boolean name="use_service" value="true" />
    <boolean name="measurement_enabled" value="true" />
    <boolean name="has_been_opened" value="true" />
    <boolean name="use_dynamite_api" value="true" />
    <boolean name="allow_remote_dynamite" value="false" />
    <boolean name="start_new_session" value="true" />
</map>
