<?xml version='1.0' encoding='utf-8' standalone='yes' ?>
<map>
    <string name="ict_date:__4a065009e1f74ebb82c66002733c8e93:8W6-4W8-8R5Z">11082025</string>
    <int name="comms_mtd:8W6-4W8-8R5Z" value="0" />
    <int name="comms_first_ts:8W6-4W8-8R5Z" value="1750964571" />
    <string name="deviceId:8W6-4W8-8R5Z">__4a065009e1f74ebb82c66002733c8e93</string>
    <boolean name="NetworkInfo:8W6-4W8-8R5Z" value="true" />
    <string name="instance:8W6-4W8-8R5Z">{&quot;accountId&quot;:&quot;8W6-4W8-8R5Z&quot;,&quot;accountToken&quot;:&quot;b04-60b&quot;,&quot;analyticsOnly&quot;:false,&quot;isDefaultInstance&quot;:true,&quot;useGoogleAdId&quot;:false,&quot;disableAppLaunchedEvent&quot;:false,&quot;personalization&quot;:true,&quot;debugLevel&quot;:0,&quot;createdPostAppLaunch&quot;:false,&quot;sslPinning&quot;:false,&quot;backgroundSync&quot;:true,&quot;getEnableCustomCleverTapId&quot;:false,&quot;beta&quot;:false,&quot;enableUIEditor&quot;:true,&quot;enableABTesting&quot;:true}</string>
    <string name="comms_dmn_spiky:8W6-4W8-8R5Z">eu1-spiky.clevertap-prod.com</string>
    <int name="lastSessionId:8W6-4W8-8R5Z" value="1754883505" />
    <string name="fcm_token:8W6-4W8-8R5Z">cosJjrdlRoyrmCKYgygwE_:APA91bHo-JL1WLEmJuCgr_RulHukpzZDA1HnVgLvE3Y0fC3ovzRUgZOQKq5Mk0nAA41rZ_MEAtPyqwocg6GQOIT4TC-NeYjkruSV7LgN_EoMWpyp34geMWM</string>
    <int name="pfjobid" value="1446625357" />
    <int name="istc_inapp:__4a065009e1f74ebb82c66002733c8e93:8W6-4W8-8R5Z" value="0" />
    <string name="comms_dmn:8W6-4W8-8R5Z">eu1.clevertap-prod.com</string>
    <int name="sexe:8W6-4W8-8R5Z" value="1754883580" />
    <string name="cachedGUIDsKey:8W6-4W8-8R5Z">{&quot;Email_techieg890@gmail.com&quot;:&quot;__4a065009e1f74ebb82c66002733c8e93&quot;,&quot;Identity_ab961c70-d4ca-4bf7-a5fe-aa2ab59ee460&quot;:&quot;__4a065009e1f74ebb82c66002733c8e93&quot;}</string>
    <string name="xps_token:8W6-4W8-8R5Z">HpmLewZAtPCpeVTjgxbtHJNCfkFiquckeOEZKhO8PyWC3ViP0AKZUZNS3ZDxQvya</string>
    <int name="comms_last_ts:8W6-4W8-8R5Z" value="1754883514" />
</map>
