<?xml version='1.0' encoding='utf-8' standalone='yes' ?>
<map>
    <int name="d_ts" value="1754883506" />
    <int name="dh" value="-384095366" />
    <int name="hgt" value="3" />
    <string name="av">999999</string>
    <int name="v" value="2" />
    <int name="wdt" value="6" />
    <string name="j_n">ZmtgfgUFBQRi</string>
    <string name="i_n">Zm9lfQYIAQ1m</string>
    <int name="r_ts" value="1754883512" />
    <string name="id">8W6-4W8-8R5Z</string>
    <string name="j_s">{}</string>
</map>
