{
  "godel": {
    "v1-config.zip": {
      "hash": "d075d86a254dcd9ca1f198d771145015"
    }
  },
  "hyper": {
    "bundles": {
      "acs": {
        "in.juspay.godel": {
          "1.3.1": {
            "v1-acs.zip": {
              "hash": "b562e4fcc1a9f783f78cce04547c0e0d"
            }
          }
        }
      },
      "app": {
        "in.juspay.dotp": {
          "5.0.39": {
            "android": {
              "v1-index_bundle.zip": {
                "hash": "0900487dee11e477b6b4079b90f90496"
              }
            }
          }
        },
        "in.juspay.ec": {
          "3.45.0": {
            "android": {
              "v1-index_bundle.zip": {
                "hash": "efb63e522f55737a0395a741a11a071c"
              }
            }
          }
        },
        "in.juspay.escrow": {
          "4.1.15": {
            "android": {
              "v1-index_bundle.zip": {
                "hash": "eaeb64aaf624f91ba9f2b7cb419105eb"
              }
            }
          }
        },
        "in.juspay.flyer": {
          "2.5.2": {
            "android": {
              "v1-index_bundle.zip": {
                "hash": "f839bc6db955a6f8e23935445de08265"
              }
            }
          }
        },
        "in.juspay.godel": {
          "1.1.1": {
            "android": {
              "v1-index_bundle.zip": {
                "hash": "2ca7a415a33ec26826dacf7d6e55b0a5"
              }
            }
          },
          "1.4.16": {
            "android": {
              "v1-index_bundle.zip": {
                "hash": "76683da33f83a0bfc353ec2a83ee7a8e"
              }
            }
          }
        },
        "in.juspay.hyperpay": {
          "4.107.10-release-20250505.0": {
            "android": {
              "v1-index_bundle.zip": {
                "hash": "e7d8189ec420b2a09e999342371cbf45"
              }
            }
          }
        },
        "in.juspay.hyperupi": {
          "2.5.18": {
            "android": {
              "v1-index_bundle.zip": {
                "hash": "744555847a36002061eae03133dd3a19"
              }
            }
          }
        },
        "in.juspay.inappupi": {
          "2.1.82": {
            "android": {
              "v1-index_bundle.zip": {
                "hash": "9d132e40d02379c0bf6642342799eb8c"
              }
            }
          }
        },
        "in.juspay.upiintent": {
          "4.17.5": {
            "android": {
              "v1-index_bundle.zip": {
                "hash": "307f566672b79f174cd8d051df3ce205"
              }
            }
          }
        },
        "tracker": {
          "2.0.57": {
            "v1-tracker.zip": {
              "hash": "fed9c69a46378fbbee33e94f9d6d28f1"
            }
          },
          "2.1.5": {
            "v1-tracker.zip": {
              "hash": "aaa02ff5876752444ee836872a0d9c66"
            }
          }
        }
      },
      "config": {
        "in.juspay.godel": {
          "1.3.15": {
            "v1-config.zip": {
              "hash": "d6c7222370a20cbdc8f4e17b565017e7"
            }
          },
          "1.4.0": {
            "v1-config.zip": {
              "hash": "b2ebd2dcc4f597229d06e4008e942466"
            }
          },
          "1.4.2": {
            "v1-config.zip": {
              "hash": "ba1cf0e454c3818da2c789cc730d0df1"
            }
          }
        },
        "in.juspay.upiintent": {
          "common": {
            "2.2.27": {
              "v1-config.zip": {
                "hash": "59a0b3386cf763b7bacf4944e1c42f69"
              }
            }
          }
        }
      },
      "in.juspay.merchants": {
        "bbdaily": {
          "ios": {
            "release": {
              "config.json": {
                "hash": "3hkj23h5k23jh52kj3h"
              }
            }
          }
        },
        "kukufmnew": {
          "android": {
            "release": {
              "sdk_config.json": {
                "hash": "75fef58c3ef8341fbef1ea7fd4e73deb"
              }
            }
          }
        }
      },
      "release": {
        "in.juspay.godel": {
          "android": {
            "1.0rc2": {
              "common": {
                "1.0.1": {
                  "v1-boot_loader.zip": {
                    "hash": "3b52f2f0d550507208f50689c5dff01f"
                  }
                },
                "stable": {
                  "v1-boot_loader.zip": {
                    "hash": "1a675fbf2067227d1857566bc3b4ebf6"
                  }
                }
              }
            }
          }
        }
      }
    },
    "configs": {
      "kukufmnew": {
        "in.juspay.hyperpay": {
          "1.1.1": {
            "v1-configuration.zip": {
              "hash": "a56da27eafeb59b85bc794bbeaf9d888"
            },
            "v1-icons.zip": {
              "hash": "7db00d9d3dd153766b824a0771ad98e3"
            },
            "v1-strings.zip": {
              "hash": "91a95b43036362f145d1f828279c2409"
            }
          }
        }
      }
    }
  },
  "juspay": {
    "payments": {
      "in.juspay.ec": {
        "release": {
          "v1-config.zip": {
            "hash": "01ec08875f5d676ef172339e7d3f9b8f"
          }
        }
      },
      "in.juspay.godel": {
        "release": {
          "1.0rc2": {
            "v1-acs.zip": {
              "hash": "0e6e2249b7adef09c1ffc8e673f312ae"
            }
          }
        }
      }
    }
  }
}