{"accounts":[{"accountFlagsJson":"{\"hasAgreedToTerms\":true,\"isDisabledAccount\":false,\"isInBadCredit\":false,\"hasAgreedToAppClipTerms\":true,\"isInFamily\":false,\"isRestrictedAccount\":false,\"isInRestrictedRegion\":false,\"hasWatchHardwareOffer\":false,\"accountFlagsVersion\":2,\"hasSubscriptionFamilySharingEnabled\":true,\"isManagedAccount\":false,\"verifiedExpirationDate\":0.0,\"personalization\":true,\"underThirteen\":false,\"identityLastVerified\":0.0,\"retailDemo\":false,\"autoPlay\":false}","active":true,"creditString":"","dsid":22452296638,"firstName":"Ayush","id":"mgayushboss3@gmail.com","imCanSubscribe":0,"imSubscribed":0,"imSupported":0,"lastName":"Bhai","storeFront":"143517-2,31"}],"activeAccount":0}