{"cookies":[{"discard":false,"domain":".apple.com","expiration":1783796897,"name":"X-Dsid","path":"/","secure":true,"userDsid":22452296638,"value":"22452296638","version":0},{"discard":false,"domain":".apple.com","expiration":9223372036854775807,"name":"hsaccnt","path":"/WebObjects","secure":false,"userDsid":22452296638,"value":"1","version":1},{"discard":false,"domain":".apple.com","expiration":1814468899,"name":"mz_at0-22452296638","path":"/","secure":false,"userDsid":22452296638,"value":"AwQAAAFCAADG1AAAAABocWEika52tsMQIP/beSmejyx1aR13b40\u003d","version":0},{"discard":false,"domain":".apple.com","expiration":1754852897,"name":"ampsc","path":"/","secure":false,"userDsid":22452296638,"value":"4hnihmwcy0e4ZWerHJWXuvtZdiWXaaaBZlwt5DSGLe8ZzzSTcuzJz4aO08y/r8xTyQM+T96rOIn4SaG/Wx52SA\u003d\u003d","version":0},{"discard":false,"domain":".apple.com","expiration":1815332899,"name":"mz_at_ssl-22452296638","path":"/","secure":true,"userDsid":22452296638,"value":"AwUAAAFCAADG1AAAAABocWEiHP40Ckcwa7qiYJuzoieLRe4+x6k\u003d","version":0},{"discard":false,"domain":".apple.com","expiration":1768028897,"name":"pldfltcid","path":"/","secure":false,"userDsid":22452296638,"value":"b729e27f2ff04bb7b0be0fe356e689f1021","version":0},{"discard":false,"domain":".apple.com","expiration":1768028897,"name":"tv-pldfltcid","path":"/","secure":false,"userDsid":22452296638,"value":"b729e27f2ff04bb7b0be0fe356e689f1021","version":0},{"discard":false,"domain":".apple.com","expiration":9223372036854775807,"name":"wosid","path":"/WebObjects/MZFinance.woa","secure":true,"userDsid":22452296638,"value":"4rMK36z1OHqzB9ZxhDturM","version":1},{"discard":false,"domain":".apple.com","expiration":9223372036854775807,"name":"woinst","path":"/WebObjects/MZFinance.woa","secure":true,"userDsid":22452296638,"value":"-1","version":1},{"discard":false,"domain":".apple.com","expiration":9223372036854775807,"name":"wosid-lite","path":"/","secure":true,"userDsid":22452296638,"value":"2hj6umfQcpEv3reOWVQHaM","version":1},{"discard":false,"domain":".apple.com","expiration":1752262697,"name":"session-store-id","path":"/WebObjects","secure":true,"userDsid":22452296638,"value":"6E2ECD42035EB01B081766B1693EDD4D","version":0},{"discard":false,"domain":".itunes.apple.com","expiration":1752261208,"name":"dcloc","path":"/","secure":false,"userDsid":22452296638,"value":"MR22","version":0},{"discard":false,"domain":"xp.apple.com","expiration":1767812953,"name":"xp_aci","path":"/","secure":true,"userDsid":22452296638,"value":"rgVI7WFWV5h77jbfW1vVkoKHAQ","version":0},{"discard":false,"domain":".apple.com","expiration":1769779818,"name":"xp_ab","path":"/","secure":true,"userDsid":22452296638,"value":"1#02ipH6d+-2+EX4AuGy01#fNPb5Km+-2+xSb5Dsb74#WTckLqP+-2+AWo2nLc01#of2rI6Z+-2+EcaH_Qo00#WqjkRLH+-2+uzfWA4C01#Uwy2FZM+-2+mXn4pWA00#HGwnF7S+-2+eto8yKs00#QVJEGsa+-2+ulL46Uv00","version":0},{"discard":false,"domain":".apple.com","expiration":9223372036854775807,"name":"itfe","path":"/","secure":false,"userDsid":22452296638,"value":"0","version":0},{"discard":false,"domain":".apple.com","expiration":1756906258,"name":"itspod","path":"/","secure":false,"userDsid":22452296638,"value":"21","version":0},{"discard":false,"domain":".apple.com","expiration":9223372036854775807,"name":"mzf_in","path":"/WebObjects","secure":true,"userDsid":22452296638,"value":"3210069","version":1},{"discard":false,"domain":".apple.com","expiration":9223372036854775807,"name":"mzf_dr","path":"/WebObjects","secure":false,"userDsid":22452296638,"value":"0","version":0},{"discard":false,"domain":".apple.com","expiration":1785763921,"name":"TrPod","path":"/","secure":false,"userDsid":22452296638,"value":"6","version":0},{"discard":false,"domain":".itunes.apple.com","expiration":1756819921,"name":"amp","path":"/","secure":false,"userDsid":22452296638,"value":"v/5Mfxgt7OixnEcY9k7ye0PCfruicxF73tdIHCfEtYrL9+ZBso3vyp5P6PnTRaVn/5CgCGbk4LppHdH1BDDfs9cRHwqP76xVPlvJOqDi2iFZg1m8iGI/NWous27AT8l2Ree5eiIqezmDDNFc27Ezfmn6OUOjX6dpgMaElF2/+QA\u003d","version":0},{"discard":false,"domain":".music.apple.com","expiration":1756819921,"name":"amp","path":"/","secure":false,"userDsid":22452296638,"value":"v/5Mfxgt7OixnEcY9k7ye0PCfruicxF73tdIHCfEtYrL9+ZBso3vyp5P6PnTRaVn/5CgCGbk4LppHdH1BDDfs9cRHwqP76xVPlvJOqDi2iFZg1m8iGI/NWous27AT8l2Ree5eiIqezmDDNFc27Ezfmn6OUOjX6dpgMaElF2/+QA\u003d","version":0}]}