{"Fid":"fLNDJnsERqS0ubiKNgAPKo","Status":3,"AuthToken":"eyJhbGciOiJFUzI1NiIsInR5cCI6IkpXVCJ9.eyJhcHBJZCI6IjE6ODQzNjg2NTg4NDEzOmFuZHJvaWQ6NDYwNTYzYzg3MDk0ODgyMiIsImV4cCI6MTc1NDgzMjYxOCwiZmlkIjoiZkxOREpuc0VScVMwdWJpS05nQVBLbyIsInByb2plY3ROdW1iZXIiOjg0MzY4NjU4ODQxM30.AB2LPV8wRgIhAKTIb2TOaFNL-VbjFwJwozkYGBkfT5t6lSLSMj24F36bAiEAl594hWwZWIH3I6kQybPIE6A58UkL6EZM03jCdMIMD9I","RefreshToken":"3_AS3qfwJtW2Cs5hAe4-loPf5gZa0E7MYdBCGU-xp5k1oQC9a-gSxe38k8RIxdz6J1gvJXomm4Td8vHBDBT4sJ-PlYaju-W2Bhb2Af4EBYzh734A","TokenCreationEpochInSecs":1754227818,"ExpiresInSecs":604800}