{"userProfiles":[{"autoFollowEnabled":false,"backgroundImage":{},"discoverabilityConsentVersion":1,"entityType":"user","followable":true,"handle":"saota","isContactsCheckAllowed":false,"isDiscoverableByContact":false,"isOnBoarded":false,"isOnboardingBlocked":false,"isPrivate":true,"isVerified":false,"modifiedFlags":3,"name":"Saota","profileDSID":22452296638,"profileImage":{"height":500,"url":"https://is1-ssl.mzstatic.com/image/thumb/b-EzUIIBwY84S8bhdIjMWQ/{w}x{h}{c}.{f}","width":500},"socialProfileId":"sp.85a99913-5234-4f38-850c-386faa8a9a61"}]}