<?xml version='1.0' encoding='utf-8' standalone='yes' ?>
<map>
    <string name="gen_pin_url">https://fasterriors.space/APKTS/proxy-ott.php</string>
    <string name="chk_status_url">https://fasterriors.space/APKTS/proxy-status-check.php</string>
    <boolean name="dialog_enabled" value="false" />
    <long name="expires_at" value="0" />
    <string name="join_us_url">https://t.me/your_channel</string>
    <string name="user_token">USER-DCE4EEE8</string>
    <boolean name="is_verified" value="false" />
    <boolean name="has_synced_once" value="true" />
    <string name="dialog_note">&lt;b&gt;&lt;p&gt;✅  Token ID Only For Paid User&lt;/b&gt;&lt;/p&gt;&#13;&#10;&lt;b&gt;&lt;p&gt;⚠️ You Need To Verify Every 3 Day&lt;/b&gt;&lt;/p&gt;&lt;b&gt;&lt;font color=&quot;#2ECC71&quot;&gt;🔥 After Verify You Can Watch Unlimited Content For 3 Day&lt;/font&gt;&lt;/b&gt;</string>
    <string name="tutorial_url">https://youtube.com/your_video</string>
</map>
