<?xml version='1.0' encoding='utf-8' standalone='yes' ?>
<map>
    <long name="first_open_time" value="1752260834808" />
    <string name="gmp_app_id">1:843686588413:android:460563c870948822</string>
    <string name="app_instance_id">8d53bd2650be4bbb023478d9a07cce01</string>
    <long name="session_id" value="1754227817" />
    <boolean name="app_backgrounded" value="true" />
    <long name="health_monitor:start" value="1754227817850" />
    <boolean name="use_service" value="true" />
    <boolean name="deferred_analytics_collection" value="false" />
    <string name="previous_os_version">15</string>
    <boolean name="has_been_opened" value="true" />
    <boolean name="allow_remote_dynamite" value="true" />
    <long name="last_pause_time" value="1754227923196" />
    <boolean name="start_new_session" value="false" />
</map>
