<?xml version='1.0' encoding='utf-8' standalone='yes' ?>
<map>
    <boolean name="key_allow_explicit_content" value="true" />
    <boolean name="subscription_free_trial" value="false" />
    <string name="key_private_client_id">6c8aac40-a76c-46a0-a4ee-a3309802a0d9</string>
    <boolean name="key_carrier_unlinked" value="false" />
    <boolean name="subscription_is_minor" value="false" />
    <int name="key_private_client_id_event_count" value="10" />
    <long name="subscription_refresh" value="1754227863045" />
    <string name="subscription_family">{&quot;hasFamily&quot;:false,&quot;hasFamilyGreaterThanOneMember&quot;:false,&quot;isHoH&quot;:false}</string>
    <boolean name="subscription_is_purchaser" value="true" />
    <boolean name="subscription_is_family" value="false" />
    <long name="com.applisto.appcloner.classes.cloneTimestamp" value="1747047794558" />
    <int name="com.applisto.appcloner.classes.originalInstallVersionCode" value="1431" />
    <int name="com.the.x.patch.DefaultProvider.count" value="1" />
    <int name="com.the.x.patch.originalInstallVersionCode" value="1431" />
    <boolean name="key_enhanced_audio_enabled" value="true" />
    <string name="subscription_status">ENABLED</string>
    <string name="key_account_v2_data">{&quot;isRestrictedAccount&quot;:false,&quot;isU18OrCountrysEquivalent&quot;:false,&quot;isUnderThirteen&quot;:false,&quot;errorNumber&quot;:0,&quot;status&quot;:&quot;success&quot;}</string>
    <string name="key_private_client_id_timestamp_day">12-07-2025</string>
    <string name="subscription_partner">google-play</string>
    <boolean name="key_reset_http_cache_on_next_context_create" value="false" />
    <string name="subscription_reason">INDIVIDUAL</string>
    <string name="explicit_badge_indicator"> 🅴</string>
</map>
