<?xml version='1.0' encoding='utf-8' standalone='yes' ?>
<map>
    <boolean name="key_force_performance_metrics" value="false" />
    <boolean name="key_is_first_time_loading_emoji" value="false" />
    <boolean name="key_is_playstore_install_simulated" value="false" />
    <int name="last_nav_fragment" value="18" />
    <boolean name="key_is_social_onboarding_already_shown" value="true" />
    <boolean name="key_notifications_enabled" value="true" />
    <boolean name="key_download_on_cellular" value="true" />
    <boolean name="key_diagnostics_new" value="true" />
    <boolean name="key_chromecast_all_types" value="false" />
    <set name="key_accepted_eula_set">
        <string>EA1376</string>
    </set>
    <boolean name="explicit_default_dialog_shown" value="true" />
    <boolean name="key_notifications_allow_explicit_sync" value="false" />
    <string name="key_last_read_server_app_version">1397</string>
    <boolean name="key_update_mandatory" value="false" />
    <string name="key_appwidget_response_recently_played">[&#10;  {&#10;    &quot;type&quot;: &quot;albums&quot;,&#10;    &quot;attributes&quot;: {&#10;      &quot;artistName&quot;: &quot;Asrar \u0026 Waqar Ali&quot;,&#10;      &quot;artwork&quot;: {&#10;        &quot;width&quot;: 3000,&#10;        &quot;height&quot;: 3000,&#10;        &quot;url&quot;: &quot;https://is1-ssl.mzstatic.com/image/thumb/Music211/v4/ec/d6/e0/ecd6e0e9-716b-15ed-2aaf-f00d45f817f1/198588315170.jpg/{w}x{h}bb.jpg&quot;,&#10;        &quot;bgColor&quot;: &quot;110a02&quot;,&#10;        &quot;textColor1&quot;: &quot;f7e4e8&quot;,&#10;        &quot;textColor2&quot;: &quot;f7222f&quot;,&#10;        &quot;textColor3&quot;: &quot;c9b8ba&quot;,&#10;        &quot;textColor4&quot;: &quot;c91d26&quot;,&#10;        &quot;imageTraits&quot;: [],&#10;        &quot;textGradient&quot;: []&#10;      },&#10;      &quot;audioTraits&quot;: 12,&#10;      &quot;copyright&quot;: &quot;℗ 2023 ARY Digital&quot;,&#10;      &quot;genreNames&quot;: [&#10;        &quot;Worldwide&quot;,&#10;        &quot;Music&quot;&#10;      ],&#10;      &quot;isCompilation&quot;: false,&#10;      &quot;isComplete&quot;: true,&#10;      &quot;isMasteredForItunes&quot;: false,&#10;      &quot;isSingle&quot;: true,&#10;      &quot;name&quot;: &quot;Mayi Ri (Lo-Fi) - Single&quot;,&#10;      &quot;playParams&quot;: {&#10;        &quot;id&quot;: &quot;1750950803&quot;,&#10;        &quot;kind&quot;: &quot;album&quot;&#10;      },&#10;      &quot;previewProgress&quot;: 0.0,&#10;      &quot;recordLabel&quot;: &quot;ARY Digital&quot;,&#10;      &quot;releaseDate&quot;: &quot;2024-06-24&quot;,&#10;      &quot;trackCount&quot;: 1,&#10;      &quot;url&quot;: &quot;https://music.apple.com/kz/album/mayi-ri-lo-fi-single/1750950803&quot;&#10;    },&#10;    &quot;href&quot;: &quot;/v1/catalog/kz/albums/1750950803?l\u003den-GB&quot;,&#10;    &quot;id&quot;: &quot;1750950803&quot;,&#10;    &quot;meta&quot;: {}&#10;  },&#10;  {&#10;    &quot;type&quot;: &quot;albums&quot;,&#10;    &quot;attributes&quot;: {&#10;      &quot;artistName&quot;: &quot;Payal Dev \u0026 Yasser Desai&quot;,&#10;      &quot;artwork&quot;: {&#10;        &quot;width&quot;: 3000,&#10;        &quot;height&quot;: 3000,&#10;        &quot;url&quot;: &quot;https://is1-ssl.mzstatic.com/image/thumb/Music125/v4/ae/49/11/ae4911a5-4fea-b086-38cc-f61363984f63/21UMGIM82818.rgb.jpg/{w}x{h}bb.jpg&quot;,&#10;        &quot;bgColor&quot;: &quot;412b16&quot;,&#10;        &quot;textColor1&quot;: &quot;f1dfc9&quot;,&#10;        &quot;textColor2&quot;: &quot;e1b487&quot;,&#10;        &quot;textColor3&quot;: &quot;cebba5&quot;,&#10;        &quot;textColor4&quot;: &quot;c19871&quot;,&#10;        &quot;imageTraits&quot;: [],&#10;        &quot;textGradient&quot;: []&#10;      },&#10;      &quot;audioTraits&quot;: 12,&#10;      &quot;copyright&quot;: &quot;℗ 2021 Universal Music India Pvt. Ltd.&quot;,&#10;      &quot;editorialNotes&quot;: {&#10;        &quot;short&quot;: &quot;A lovelorn Hindi duet celebrates the spirit of romance.&quot;&#10;      },&#10;      &quot;genreNames&quot;: [&#10;        &quot;Indian Pop&quot;,&#10;        &quot;Music&quot;,&#10;        &quot;Indian&quot;&#10;      ],&#10;      &quot;isCompilation&quot;: false,&#10;      &quot;isComplete&quot;: true,&#10;      &quot;isMasteredForItunes&quot;: false,&#10;      &quot;isSingle&quot;: true,&#10;      &quot;name&quot;: &quot;Bepanah Ishq - Single&quot;,&#10;      &quot;playParams&quot;: {&#10;        &quot;id&quot;: &quot;1581736741&quot;,&#10;        &quot;kind&quot;: &quot;album&quot;&#10;      },&#10;      &quot;previewProgress&quot;: 0.0,&#10;      &quot;recordLabel&quot;: &quot;Universal Music India Pvt Ltd.&quot;,&#10;      &quot;releaseDate&quot;: &quot;2021-08-24&quot;,&#10;      &quot;trackCount&quot;: 1,&#10;      &quot;url&quot;: &quot;https://music.apple.com/kz/album/bepanah-ishq-single/1581736741&quot;&#10;    },&#10;    &quot;href&quot;: &quot;/v1/catalog/kz/albums/1581736741?l\u003den-GB&quot;,&#10;    &quot;id&quot;: &quot;1581736741&quot;,&#10;    &quot;meta&quot;: {}&#10;  },&#10;  {&#10;    &quot;type&quot;: &quot;albums&quot;,&#10;    &quot;attributes&quot;: {&#10;      &quot;artistName&quot;: &quot;DJ Raahul Pai, Deejay Rax, Devi Sri Prasad, Himesh Reshammiya, Sajid Wajid, Kamaal Khan, Iulia Vantur, Payal Dev, Sajid \u0026 Ash King&quot;,&#10;      &quot;artwork&quot;: {&#10;        &quot;width&quot;: 1440,&#10;        &quot;height&quot;: 1440,&#10;        &quot;url&quot;: &quot;https://is1-ssl.mzstatic.com/image/thumb/Music123/v4/d8/5b/0e/d85b0eb1-e680-c38a-8697-7291925cc3bc/840214465222.png/{w}x{h}bb.jpg&quot;,&#10;        &quot;bgColor&quot;: &quot;1e1c0f&quot;,&#10;        &quot;textColor1&quot;: &quot;fab75f&quot;,&#10;        &quot;textColor2&quot;: &quot;f6a141&quot;,&#10;        &quot;textColor3&quot;: &quot;ce984f&quot;,&#10;        &quot;textColor4&quot;: &quot;ca8637&quot;,&#10;        &quot;imageTraits&quot;: [],&#10;        &quot;textGradient&quot;: []&#10;      },&#10;      &quot;audioTraits&quot;: 12,&#10;      &quot;copyright&quot;: &quot;℗ 2022 Zee Music Company&quot;,&#10;      &quot;genreNames&quot;: [&#10;        &quot;Pop&quot;,&#10;        &quot;Music&quot;&#10;      ],&#10;      &quot;isCompilation&quot;: false,&#10;      &quot;isComplete&quot;: true,&#10;      &quot;isMasteredForItunes&quot;: false,&#10;      &quot;isSingle&quot;: true,&#10;      &quot;name&quot;: &quot;Radhe - Your Most Wanted Bhai Mashup - Single&quot;,&#10;      &quot;playParams&quot;: {&#10;        &quot;id&quot;: &quot;1661451123&quot;,&#10;        &quot;kind&quot;: &quot;album&quot;&#10;      },&#10;      &quot;previewProgress&quot;: 0.0,&#10;      &quot;recordLabel&quot;: &quot;Zee Music Company&quot;,&#10;      &quot;releaseDate&quot;: &quot;2022-12-25&quot;,&#10;      &quot;trackCount&quot;: 1,&#10;      &quot;url&quot;: &quot;https://music.apple.com/kz/album/radhe-your-most-wanted-bhai-mashup-single/1661451123&quot;&#10;    },&#10;    &quot;href&quot;: &quot;/v1/catalog/kz/albums/1661451123?l\u003den-GB&quot;,&#10;    &quot;id&quot;: &quot;1661451123&quot;,&#10;    &quot;meta&quot;: {}&#10;  },&#10;  {&#10;    &quot;type&quot;: &quot;albums&quot;,&#10;    &quot;attributes&quot;: {&#10;      &quot;artistName&quot;: &quot;Payal Dev, Stebin Ben \u0026 Kunaal Vermaa&quot;,&#10;      &quot;artwork&quot;: {&#10;        &quot;width&quot;: 3000,&#10;        &quot;height&quot;: 3000,&#10;        &quot;url&quot;: &quot;https://is1-ssl.mzstatic.com/image/thumb/Music221/v4/7c/e5/b5/7ce5b51a-3087-ce00-781e-e4b0ecc37433/25UMGIM83467.rgb.jpg/{w}x{h}bb.jpg&quot;,&#10;        &quot;bgColor&quot;: &quot;becae4&quot;,&#10;        &quot;textColor1&quot;: &quot;172131&quot;,&#10;        &quot;textColor2&quot;: &quot;1e2231&quot;,&#10;        &quot;textColor3&quot;: &quot;394355&quot;,&#10;        &quot;textColor4&quot;: &quot;3e4354&quot;,&#10;        &quot;imageTraits&quot;: [],&#10;        &quot;textGradient&quot;: []&#10;      },&#10;      &quot;audioTraits&quot;: 12,&#10;      &quot;copyright&quot;: &quot;℗ 2025 Universal Music India Pvt. Ltd.&quot;,&#10;      &quot;genreNames&quot;: [&#10;        &quot;Indian Pop&quot;,&#10;        &quot;Music&quot;,&#10;        &quot;Indian&quot;&#10;      ],&#10;      &quot;isCompilation&quot;: false,&#10;      &quot;isComplete&quot;: true,&#10;      &quot;isMasteredForItunes&quot;: false,&#10;      &quot;isSingle&quot;: true,&#10;      &quot;name&quot;: &quot;Jab Main Badal Ban Jaoon - Single&quot;,&#10;      &quot;playParams&quot;: {&#10;        &quot;id&quot;: &quot;1820394145&quot;,&#10;        &quot;kind&quot;: &quot;album&quot;&#10;      },&#10;      &quot;previewProgress&quot;: 0.0,&#10;      &quot;recordLabel&quot;: &quot;Universal Music India Pvt Ltd.&quot;,&#10;      &quot;releaseDate&quot;: &quot;2025-06-17&quot;,&#10;      &quot;trackCount&quot;: 1,&#10;      &quot;url&quot;: &quot;https://music.apple.com/kz/album/jab-main-badal-ban-jaoon-single/1820394145&quot;&#10;    },&#10;    &quot;href&quot;: &quot;/v1/catalog/kz/albums/1820394145?l\u003den-GB&quot;,&#10;    &quot;id&quot;: &quot;1820394145&quot;,&#10;    &quot;meta&quot;: {}&#10;  },&#10;  {&#10;    &quot;type&quot;: &quot;albums&quot;,&#10;    &quot;attributes&quot;: {&#10;      &quot;artistName&quot;: &quot;Miley Cyrus&quot;,&#10;      &quot;artwork&quot;: {&#10;        &quot;width&quot;: 3000,&#10;        &quot;height&quot;: 3000,&#10;        &quot;url&quot;: &quot;https://is1-ssl.mzstatic.com/image/thumb/Music221/v4/be/b1/63/beb16362-169d-b53f-7186-eccf028d7830/196872959222.jpg/{w}x{h}bb.jpg&quot;,&#10;        &quot;bgColor&quot;: &quot;483433&quot;,&#10;        &quot;textColor1&quot;: &quot;f0f0fa&quot;,&#10;        &quot;textColor2&quot;: &quot;dad7d8&quot;,&#10;        &quot;textColor3&quot;: &quot;cecad2&quot;,&#10;        &quot;textColor4&quot;: &quot;bcb6b7&quot;,&#10;        &quot;imageTraits&quot;: [],&#10;        &quot;textGradient&quot;: []&#10;      },&#10;      &quot;audioTraits&quot;: 61,&#10;      &quot;copyright&quot;: &quot;℗ 2025 MCEO Inc., under exclusive license to Columbia Records, a Division of Sony Music Entertainment&quot;,&#10;      &quot;editorialNotes&quot;: {&#10;        &quot;short&quot;: &quot;Miley swings for the fences: “This, to me, is pop music in its fullest form.”&quot;,&#10;        &quot;standard&quot;: &quot;When Miley Cyrus won her first Grammys in 2024 (Record of the Year and Best Pop Solo Performance for “Flowers” from 2023’s \u003ci\u003eEndless Summer Vacation\u003c/i\u003e), something shifted. “I think somewhere inside of me, I needed to hold a trophy and just feel for a moment that I have something that I can hold in my hands that feels like a true achievement,” the 32-year-old child star turned pop icon tells Apple Music’s Zane Lowe. “After every album, I’ve been able to say, ‘Well, I made the album I set out to make, and that’s enough.’ Somewhere, I was avoiding the fact that it did matter to me.”\n\nHaving finally achieved the validation she’d been longing to feel since childhood, Cyrus says she “felt free to make the album that I’ve really been craving my whole adult career to create”. The name of the resulting album, her ninth, emerged out of the ether while riffing in the studio with producer Max Taylor-Sheppard and Cyrus’ boyfriend/collaborator, Liily drummer Maxx Morando. “As soon as [Taylor-Sheppard] played the first chord, I just said, ‘Tell me something beautiful tonight.’ It was so easy, but I have no idea where it came from. The chord he played was so beautiful that what needed to be said had to be beautiful.”\n\nIn the title track, a Sunday morning soul jam erupts with a “flash, bang, spark” into post-apocalyptic prog-rock distortion. That clash of sensuality and chaos extends through \u003ci\u003eSomething Beautiful\u003c/i\u003e, whose ’80s-inspired melodrama swings for the fences in sound and theme. The deceptively sparkly-sounding “End of the World” celebrates one last blowout bash before the sky falls. “This, to me, is pop music in its fullest form,” Cyrus says. “Pop gets given a bad name by manufactured label creations, and that’s just not what it is.” She’s thinking of legendary pop innovators who evolved with the times: David Bowie, Madonna, Elton John.\n\nThe ultra-funky “Easy Lover” was intended for another such icon: Cyrus originally wrote it circa 2020’s \u003ci\u003ePlastic Hearts\u003c/i\u003e, then refurbished it for placement on Beyoncé’s \u003ci\u003eCOWBOY CARTER\u003c/i\u003e. When Bey went with “II MOST WANTED” instead, Cyrus kept the slinky number for herself, recruiting Alabama Shakes’ Brittany Howard to play electric guitar—though the “Tell ’em, B!” ad-lib stays.\n\nCyrus’ inimitable voice has never sounded more soulful, though that has not come without a price. She tells Apple Music she has Reinke’s edema, a rare condition which causes fluid to build up in the outer layer of the vocal folds—hence her trademark rasp. “So I have this very large polyp on my vocal cord, which has given me a lot of the tone and the texture that has made me who I am,” she says. “But it’s extremely difficult to perform with, because it’s like running a marathon with ankle weights on.” It could be removed surgically, but for Cyrus, the benefit isn’t worth the risk, “because the chance of waking up from surgery and not sounding like myself is a probability.”\n\nThroughout a career that’s spanned two-thirds of her life, Cyrus has felt lost in the static. “White noise is essentially everything happening all at the same time, and I feel like that was what the last 20 years of my career felt like,” she says. But while recording \u003ci\u003eSomething Beautiful\u003c/i\u003e, she found herself coming to terms with everything that’s come before. Over the heavy disco groove of “Reborn”, she delivers a mission statement: “If heaven exists/I’ve been there before/Kill my ego/Let’s be reborn.”\n&quot;,&#10;        &quot;tagline&quot;: &quot;New Album&quot;&#10;      },&#10;      &quot;genreNames&quot;: [&#10;        &quot;Pop&quot;,&#10;        &quot;Music&quot;&#10;      ],&#10;      &quot;isCompilation&quot;: false,&#10;      &quot;isComplete&quot;: true,&#10;      &quot;isMasteredForItunes&quot;: false,&#10;      &quot;isSingle&quot;: false,&#10;      &quot;name&quot;: &quot;Something Beautiful&quot;,&#10;      &quot;playParams&quot;: {&#10;        &quot;id&quot;: &quot;1804974240&quot;,&#10;        &quot;kind&quot;: &quot;album&quot;&#10;      },&#10;      &quot;previewProgress&quot;: 0.0,&#10;      &quot;recordLabel&quot;: &quot;Columbia&quot;,&#10;      &quot;releaseDate&quot;: &quot;2025-05-30&quot;,&#10;      &quot;trackCount&quot;: 13,&#10;      &quot;url&quot;: &quot;https://music.apple.com/kz/album/something-beautiful/1804974240&quot;&#10;    },&#10;    &quot;href&quot;: &quot;/v1/catalog/kz/albums/1804974240?l\u003den-GB&quot;,&#10;    &quot;id&quot;: &quot;1804974240&quot;,&#10;    &quot;meta&quot;: {}&#10;  }&#10;]</string>
    <string name="key_download_location">APPSPACE</string>
    <int name="key_add_to_playlists_behavior" value="2" />
    <boolean name="key_widget_config_enter_event" value="false" />
    <boolean name="purge_has_playbackv1_cache" value="false" />
    <boolean name="key_chromecast_qa_enabled" value="false" />
    <boolean name="key_is_show_search_weights_enabled" value="false" />
    <boolean name="key_allow_explicit_content" value="false" />
    <string name="recent_search_media_entity">[&#10;  {&#10;    &quot;type&quot;: &quot;songs&quot;,&#10;    &quot;attributes&quot;: {&#10;      &quot;albumName&quot;: &quot;Ae Dil Hai Mushkil (Deluxe Edition) [Original Motion Picture Soundtrack]&quot;,&#10;      &quot;artistName&quot;: &quot;Pritam \u0026 Arijit Singh&quot;,&#10;      &quot;artwork&quot;: {&#10;        &quot;width&quot;: 3000,&#10;        &quot;height&quot;: 3000,&#10;        &quot;url&quot;: &quot;https://is1-ssl.mzstatic.com/image/thumb/Music115/v4/a1/be/33/a1be3332-6cfc-a3c1-9d35-47669520f311/886446235608.jpg/{w}x{h}bb.jpg&quot;,&#10;        &quot;bgColor&quot;: &quot;341614&quot;,&#10;        &quot;textColor1&quot;: &quot;e5cab8&quot;,&#10;        &quot;textColor2&quot;: &quot;e49a7b&quot;,&#10;        &quot;textColor3&quot;: &quot;c1a697&quot;,&#10;        &quot;textColor4&quot;: &quot;c18066&quot;,&#10;        &quot;imageTraits&quot;: [],&#10;        &quot;textGradient&quot;: []&#10;      },&#10;      &quot;audioTraits&quot;: 61,&#10;      &quot;composerName&quot;: &quot;Pritam&quot;,&#10;      &quot;discNumber&quot;: 1,&#10;      &quot;durationInMillis&quot;: 269032,&#10;      &quot;genreNames&quot;: [&#10;        &quot;Bollywood&quot;,&#10;        &quot;Music&quot;,&#10;        &quot;Indian&quot;&#10;      ],&#10;      &quot;hasLyrics&quot;: true,&#10;      &quot;hasTimeSyncedLyrics&quot;: true,&#10;      &quot;isMasteredForItunes&quot;: false,&#10;      &quot;isVocalAttenuationAllowed&quot;: true,&#10;      &quot;isrc&quot;: &quot;INS171602089&quot;,&#10;      &quot;name&quot;: &quot;Ae Dil Hai Mushkil (Title Track)&quot;,&#10;      &quot;offers&quot;: [&#10;        {&#10;          &quot;buyParams&quot;: &quot;productType\u003dS\u0026price\u003d99000\u0026salableAdamId\u003d1174924381\u0026pricingParameters\u003dPLUS\u0026pg\u003dborat_kzt&quot;,&#10;          &quot;type&quot;: &quot;buy&quot;,&#10;          &quot;priceFormatted&quot;: &quot;99.00₸&quot;,&#10;          &quot;price&quot;: 99.0&#10;        },&#10;        {&#10;          &quot;buyParams&quot;: &quot;productType\u003dS\u0026price\u003d0\u0026salableAdamId\u003d1174924381\u0026pricingParameters\u003dSUBS\u0026pg\u003dborat_kzt&quot;,&#10;          &quot;type&quot;: &quot;subscription&quot;,&#10;          &quot;priceFormatted&quot;: &quot;0.00₸&quot;,&#10;          &quot;price&quot;: 0.0&#10;        }&#10;      ],&#10;      &quot;playParams&quot;: {&#10;        &quot;id&quot;: &quot;1174924381&quot;,&#10;        &quot;kind&quot;: &quot;song&quot;&#10;      },&#10;      &quot;previewProgress&quot;: 0.0,&#10;      &quot;previews&quot;: [&#10;        {&#10;          &quot;url&quot;: &quot;https://audio-ssl.itunes.apple.com/itunes-assets/AudioPreview126/v4/67/dd/65/67dd658c-12d9-84dc-dd23-260f07ec5fa4/mzaf_9608661374568522995.plus.aac.ep.m4a&quot;&#10;        }&#10;      ],&#10;      &quot;releaseDate&quot;: &quot;2016-08-31&quot;,&#10;      &quot;trackNumber&quot;: 1,&#10;      &quot;url&quot;: &quot;https://music.apple.com/kz/album/ae-dil-hai-mushkil-title-track/1174924228?i\u003d1174924381&quot;&#10;    },&#10;    &quot;href&quot;: &quot;/v1/catalog/kz/songs/1174924381?l\u003den-GB&quot;,&#10;    &quot;id&quot;: &quot;1174924381&quot;,&#10;    &quot;isFromLibrary&quot;: false,&#10;    &quot;meta&quot;: {&#10;      &quot;snippets&quot;: [&#10;        {&#10;          &quot;kind&quot;: &quot;lyric&quot;,&#10;          &quot;text&quot;: &quot;\u003cmark\u003eAe dil\u003c/mark\u003e hai mushkil&quot;&#10;        }&#10;      ]&#10;    },&#10;    &quot;relationships&quot;: {&#10;      &quot;albums&quot;: {&#10;        &quot;href&quot;: &quot;/v1/catalog/kz/songs/1174924381/albums?l\u003den-GB&quot;,&#10;        &quot;data&quot;: [&#10;          {&#10;            &quot;type&quot;: &quot;albums&quot;,&#10;            &quot;attributes&quot;: {&#10;              &quot;artistName&quot;: &quot;Pritam&quot;,&#10;              &quot;artwork&quot;: {&#10;                &quot;width&quot;: 3000,&#10;                &quot;height&quot;: 3000,&#10;                &quot;url&quot;: &quot;https://is1-ssl.mzstatic.com/image/thumb/Music115/v4/a1/be/33/a1be3332-6cfc-a3c1-9d35-47669520f311/886446235608.jpg/{w}x{h}bb.jpg&quot;,&#10;                &quot;bgColor&quot;: &quot;341614&quot;,&#10;                &quot;textColor1&quot;: &quot;e5cab8&quot;,&#10;                &quot;textColor2&quot;: &quot;e49a7b&quot;,&#10;                &quot;textColor3&quot;: &quot;c1a697&quot;,&#10;                &quot;textColor4&quot;: &quot;c18066&quot;,&#10;                &quot;imageTraits&quot;: [],&#10;                &quot;textGradient&quot;: []&#10;              },&#10;              &quot;audioTraits&quot;: 28,&#10;              &quot;copyright&quot;: &quot;℗ 2016 Sony Music Entertainment India Pvt. Ltd.&quot;,&#10;              &quot;editorialNotes&quot;: {&#10;                &quot;short&quot;: &quot;An emotional journey—with bonus electronic and acoustic sizzlers.&quot;,&#10;                &quot;standard&quot;: &quot;\u003ci\u003eAe Dil Hai Mushkil\u003c/i\u003e may just be the ultimate romance soundtrack, displaying composer Pritam\u0027s wide emotional reach and solid musical fundas—and packed with enough hooks to keep the songs lodged firmly in your brain long after that tearful goodbye scene. The Sufi-inspired “Bulleya”, the energetic party anthem “The Breakup Song” and the brisk electronic number “Cutiepie” hold their own, but it\u0027s Arijit Singh\u0027s vocals on the title track—starting close and intimate, and building to a heartbreaking crescendo—that grab tight and don\u0027t let go.&quot;&#10;              },&#10;              &quot;genreNames&quot;: [&#10;                &quot;Bollywood&quot;,&#10;                &quot;Music&quot;,&#10;                &quot;Indian&quot;,&#10;                &quot;Soundtrack&quot;&#10;              ],&#10;              &quot;isCompilation&quot;: false,&#10;              &quot;isComplete&quot;: true,&#10;              &quot;isMasteredForItunes&quot;: false,&#10;              &quot;isSingle&quot;: false,&#10;              &quot;name&quot;: &quot;Ae Dil Hai Mushkil (Deluxe Edition) [Original Motion Picture Soundtrack]&quot;,&#10;              &quot;playParams&quot;: {&#10;                &quot;id&quot;: &quot;1174924228&quot;,&#10;                &quot;kind&quot;: &quot;album&quot;&#10;              },&#10;              &quot;previewProgress&quot;: 0.0,&#10;              &quot;recordLabel&quot;: &quot;Sony Music Entertainment India Pvt. Ltd.&quot;,&#10;              &quot;releaseDate&quot;: &quot;2016-11-12&quot;,&#10;              &quot;trackCount&quot;: 9,&#10;              &quot;url&quot;: &quot;https://music.apple.com/kz/album/ae-dil-hai-mushkil-deluxe-edition-original-motion-picture/1174924228&quot;&#10;            },&#10;            &quot;href&quot;: &quot;/v1/catalog/kz/albums/1174924228?l\u003den-GB&quot;,&#10;            &quot;id&quot;: &quot;1174924228&quot;,&#10;            &quot;meta&quot;: {}&#10;          }&#10;        ]&#10;      },&#10;      &quot;artists&quot;: {&#10;        &quot;href&quot;: &quot;/v1/catalog/kz/songs/1174924381/artists?l\u003den-GB&quot;,&#10;        &quot;data&quot;: [&#10;          {&#10;            &quot;type&quot;: &quot;artists&quot;,&#10;            &quot;href&quot;: &quot;/v1/catalog/kz/artists/213157068?l\u003den-GB&quot;,&#10;            &quot;id&quot;: &quot;213157068&quot;&#10;          },&#10;          {&#10;            &quot;type&quot;: &quot;artists&quot;,&#10;            &quot;href&quot;: &quot;/v1/catalog/kz/artists/484568188?l\u003den-GB&quot;,&#10;            &quot;id&quot;: &quot;484568188&quot;&#10;          }&#10;        ]&#10;      }&#10;    }&#10;  }&#10;]</string>
    <boolean name="key_downloaded_asset_metadata_migration_needed" value="true" />
    <int name="installed_version" value="1432" />
    <string name="key_notifications_daily_sync_check">03-08-2025</string>
    <boolean name="is_audit_library_performed_once_beta4" value="true" />
    <boolean name="key_has_acknowledged_privacy" value="true" />
    <boolean name="carrier_eligibility_check" value="true" />
    <boolean name="key_is_pricehcnage_onappstart" value="false" />
    <boolean name="key_isdownloads_migrated" value="false" />
    <boolean name="key_cpu_logging_when_backgrounded" value="false" />
    <boolean name="key_save_page_render_metrics_disk" value="false" />
    <boolean name="key_preference_media_playback_completed" value="true" />
    <boolean name="key_shown_whats_new" value="true" />
    <string name="key_is_playback_error_dialog_pending_to_show">[]</string>
    <boolean name="key_is_google_installer" value="true" />
    <boolean name="key_is_emoji_fetch_complete" value="true" />
    <boolean name="diagnostics_dialog_shown" value="true" />
    <int name="old_version_number" value="1432" />
    <boolean name="key_has_debug_preferences" value="false" />
    <boolean name="has_social_profile" value="true" />
    <string name="key_notifications_token">fLNDJnsERqS0ubiKNgAPKo:APA91bFGcOjKNUZScLpy1457cMjOd19q_wIbpw495iwdKTWqS8BJo8aKeWGxP5gf-3EgyzasQkkfN_dqVVyO1LPzvHSmyCcSFod8iFNe3xnMAs_CtiQ2FDM</string>
    <boolean name="is_blocked_social_onboarded" value="false" />
    <boolean name="key_show_social_onboarding_on_launch" value="true" />
    <boolean name="key_use_cellular_data_saver" value="false" />
    <boolean name="key_preference_migration_completed" value="true" />
    <boolean name="key_app_ref_readen" value="true" />
    <boolean name="is_updayte_library_performed_once" value="true" />
    <long name="key_next_inapp_review_time" value="1755091856965" />
    <string name="key_player_current_mode">QUEUE</string>
    <boolean name="is_social_onboarded" value="false" />
    <boolean name="key_is_library_initial_load_optimisation" value="true" />
    <string name="key_check_updates_time">1754227856954</string>
    <boolean name="is_social_onboarding_cancelled" value="true" />
    <boolean name="allow_diagnostics" value="false" />
    <long name="key_notifications_latest_erial_number" value="16" />
    <boolean name="atpwatl_dialog" value="true" />
    <int name="key_foreground_key" value="3" />
    <boolean name="user_has_used_app_before" value="true" />
    <string name="library_content_currently_displayed_sectionsNORMAL">[&quot;PLAYLISTS&quot;,&quot;ARTISTS&quot;,&quot;ALBUMS&quot;,&quot;SONGS&quot;,&quot;MADEFORYOU&quot;,&quot;SHOWS&quot;]</string>
    <int name="last_used_search_tab_ordinal" value="0" />
    <int name="key_add_to_favorites_behavior" value="1" />
    <boolean name="key_notifications_music_enabled_sync" value="false" />
    <boolean name="key_has_app_initialized_before" value="true" />
    <boolean name="key_add_to_playlists_behavior_new" value="false" />
</map>
